mean_test_score,param_n_estimators
65.08022592432043,50
64.74421193782798,100
64.60302731818891,200
