mean_test_score,param_fit_intercept
105.79348689548223,True
105.94977087674997,False
